"DESCRIPTION","DURATION IN MS","NAME","PARENT SUITE","START TIME","STATUS","STOP TIME","SUB SUITE","SUITE","TEST CLASS","TEST METHOD"
"","92","Get Transfer Beneficiary-Invalid beneficiary Id","QA - Northquest / Business","Fri Jun 27 18:47:47 GMT 2025","failed","Fri Jun 27 18:47:47 GMT 2025","Transfer Beneficiaries > Get Beneficiary","Beneficiaries","",""
"","101","Forgot Password - Invalid Phone","QA - Northquest / Business","Fri Jun 27 18:47:31 GMT 2025","failed","Fri Jun 27 18:47:31 GMT 2025","Forgot password","Onboarding","",""
"","101","Make Bill Payment","QA - Northquest / Business","Fri Jun 27 18:47:52 GMT 2025","failed","Fri Jun 27 18:47:52 GMT 2025","Make Bill Payment > Make bill payment-Data > SMILE","Pay Bills","",""
"","101","Get Referral Activity","QA - Northquest / Business","Fri Jun 27 18:47:59 GMT 2025","passed","Fri Jun 27 18:47:59 GMT 2025","Get Referral Activity","Referral","",""
"","96","Delete Transfer Beneficiary","QA - Northquest / Business","Fri Jun 27 18:47:46 GMT 2025","passed","Fri Jun 27 18:47:47 GMT 2025","Transfer Beneficiaries > Delete Beneficiary","Beneficiaries","",""
"","96","Update Profile - Invalid ProfileId","QA - Northquest / Business","Fri Jun 27 18:47:35 GMT 2025","passed","Fri Jun 27 18:47:35 GMT 2025","Update Profile","Profile","",""
"","101","List Tiers - Business","QA - Northquest / Business","Fri Jun 27 18:47:58 GMT 2025","passed","Fri Jun 27 18:47:58 GMT 2025","Fetch Teirs","Tiers","",""
"","100","Make Bill Payment","QA - Northquest / Business","Fri Jun 27 18:47:51 GMT 2025","failed","Fri Jun 27 18:47:51 GMT 2025","Make Bill Payment > Make bill payment-Data > GLO","Pay Bills","",""
"","94","Make bill payment","QA - Northquest / Business","Fri Jun 27 18:47:52 GMT 2025","failed","Fri Jun 27 18:47:52 GMT 2025","Make Bill Payment > Make bill payment-Cable TV > GOTV","Pay Bills","",""
"","97","Update Role-Empty id field","QA - Northquest / Business","Fri Jun 27 18:47:38 GMT 2025","failed","Fri Jun 27 18:47:38 GMT 2025","Roles > Update Role","Roles and Permissions","",""
"","97","Login - Invalid Phone","QA - Northquest / Business","Fri Jun 27 18:47:30 GMT 2025","failed","Fri Jun 27 18:47:30 GMT 2025","Login","Onboarding","",""
"","103","Create Profile - Undefined Profile Type","QA - Northquest / Business","Fri Jun 27 18:47:33 GMT 2025","passed","Fri Jun 27 18:47:33 GMT 2025","Create Profile","Profile","",""
"","103","Get Transactions Schedules - Bills","QA - Northquest / Business","Fri Jun 27 18:47:45 GMT 2025","passed","Fri Jun 27 18:47:45 GMT 2025","Schedule > Get Transaction Schedules","Transfer","",""
"","101","Verify Biller Account Number","QA - Northquest / Business","Fri Jun 27 18:47:50 GMT 2025","passed","Fri Jun 27 18:47:50 GMT 2025","Verify Biller account number","Pay Bills","",""
"","104","Get Wallet - Invalid Profile Id","QA - Northquest / Business","Fri Jun 27 18:47:44 GMT 2025","failed","Fri Jun 27 18:47:44 GMT 2025","Get wallet","Wallets","",""
"","111","Verify Phone - Empty Phone Field","QA - Northquest / Business","Fri Jun 27 18:47:29 GMT 2025","failed","Fri Jun 27 18:47:29 GMT 2025","SignUp > Verify phone number","Onboarding","",""
"","99","Get Permissions","QA - Northquest / Business","Fri Jun 27 18:47:36 GMT 2025","passed","Fri Jun 27 18:47:36 GMT 2025","Permisssions","Roles and Permissions","",""
"","93","List wallets - No auth","QA - Northquest / Business","Fri Jun 27 18:47:44 GMT 2025","failed","Fri Jun 27 18:47:44 GMT 2025","List wallets","Wallets","",""
"","93","List Biller Options-Data-Airtel","QA - Northquest / Business","Fri Jun 27 18:47:49 GMT 2025","failed","Fri Jun 27 18:47:50 GMT 2025","List Biller Options","Pay Bills","",""
"","98","Login - Invalid Email","QA - Northquest / Business","Fri Jun 27 18:47:30 GMT 2025","failed","Fri Jun 27 18:47:30 GMT 2025","Login","Onboarding","",""
"","164","Get Transactions-Invalid Profile Id","QA - Northquest / Business","Fri Jun 27 18:47:54 GMT 2025","passed","Fri Jun 27 18:47:54 GMT 2025","Get transactions","Transactions","",""
"","100","List Biller Options-Data-Glo","QA - Northquest / Business","Fri Jun 27 18:47:49 GMT 2025","failed","Fri Jun 27 18:47:49 GMT 2025","List Biller Options","Pay Bills","",""
"","101","Get Profile by ID","QA - Northquest / Business","Fri Jun 27 18:47:34 GMT 2025","passed","Fri Jun 27 18:47:34 GMT 2025","Get Profile by ID","Profile","",""
"","92","Make Bill Payment","QA - Northquest / Business","Fri Jun 27 18:47:51 GMT 2025","failed","Fri Jun 27 18:47:51 GMT 2025","Make Bill Payment > Make bill payment-Data > MTN","Pay Bills","",""
"","101","Get Transactions","QA - Northquest / Business","Fri Jun 27 18:47:53 GMT 2025","passed","Fri Jun 27 18:47:54 GMT 2025","Get transactions","Transactions","",""
"","102","Make Bill Payment","QA - Northquest / Business","Fri Jun 27 18:47:51 GMT 2025","failed","Fri Jun 27 18:47:51 GMT 2025","Make Bill Payment > Make bill payment-Airtime > GLO","Pay Bills","",""
"","102","Get Referral Activities","QA - Northquest / Business","Fri Jun 27 18:47:59 GMT 2025","passed","Fri Jun 27 18:47:59 GMT 2025","Get Referral Activities","Referral","",""
"","105","Generate TwoFA - No Auth","QA - Northquest / Business","Fri Jun 27 18:47:57 GMT 2025","failed","Fri Jun 27 18:47:57 GMT 2025","Two-FA > Generate Two-FA","User","",""
"","101","Create Profile","QA - Northquest / Business","Fri Jun 27 18:47:30 GMT 2025","passed","Fri Jun 27 18:47:30 GMT 2025","SignUp > Create Profile - Automation Purpose","Onboarding","",""
"","101","Create Dispute-Invalid Profile Id","QA - Northquest / Business","Fri Jun 27 18:47:55 GMT 2025","failed","Fri Jun 27 18:47:55 GMT 2025","Create Dispute","Transactions","",""
"","101","Update User Profile - Inactive","QA - Northquest / Business","Fri Jun 27 18:47:40 GMT 2025","passed","Fri Jun 27 18:47:41 GMT 2025","Update User Profile","User Management","",""
"","100","Change Password - Rebase","QA - Northquest / Business","Fri Jun 27 18:47:35 GMT 2025","passed","Fri Jun 27 18:47:35 GMT 2025","Change Password/ Passcode","Profile","",""
"","99","Make bill payment-Invalid category Id","QA - Northquest / Business","Fri Jun 27 18:47:53 GMT 2025","failed","Fri Jun 27 18:47:53 GMT 2025","Make Bill Payment > Make bill payment-Cable TV > STARTIMES","Pay Bills","",""
"","104","Make bill payment-Empty fields","QA - Northquest / Business","Fri Jun 27 18:47:53 GMT 2025","failed","Fri Jun 27 18:47:53 GMT 2025","Make Bill Payment > Make bill payment-Cable TV > STARTIMES","Pay Bills","",""
"","94","Get Users","QA - Northquest / Business","Fri Jun 27 18:47:38 GMT 2025","passed","Fri Jun 27 18:47:38 GMT 2025","Get Users","User Management","",""
"","151","Get Transfer Beneficiary-Invalid profile Id","QA - Northquest / Business","Fri Jun 27 18:47:47 GMT 2025","failed","Fri Jun 27 18:47:47 GMT 2025","Transfer Beneficiaries > Get Beneficiary","Beneficiaries","",""
"","101","Set Security Question","QA - Northquest / Business","Fri Jun 27 18:47:56 GMT 2025","passed","Fri Jun 27 18:47:56 GMT 2025","Set Security Question","User","",""
"","103","Get Saving Plan","QA - Northquest / Business","Fri Jun 27 18:48:00 GMT 2025","passed","Fri Jun 27 18:48:00 GMT 2025","Get Savings Plan","Savings/Investments","",""
"","91","Mtn Data-Empty fields","QA - Northquest / Business","Fri Jun 27 18:47:51 GMT 2025","failed","Fri Jun 27 18:47:51 GMT 2025","Make Bill Payment > Make bill payment-Data > MTN","Pay Bills","",""
"","103","Verify TwoFA - Invalid Code","QA - Northquest / Business","Fri Jun 27 18:47:57 GMT 2025","failed","Fri Jun 27 18:47:57 GMT 2025","Two-FA > Verify Two-FA","User","",""
"","99","Get Saving Products","QA - Northquest / Business","Fri Jun 27 18:47:59 GMT 2025","passed","Fri Jun 27 18:47:59 GMT 2025","Get Savings Products","Savings/Investments","",""
"","94","Delete Role","QA - Northquest / Business","Fri Jun 27 18:47:38 GMT 2025","passed","Fri Jun 27 18:47:38 GMT 2025","Roles > Delete Role","Roles and Permissions","",""
"","99","Get User","QA - Northquest / Business","Fri Jun 27 18:47:39 GMT 2025","failed","Fri Jun 27 18:47:39 GMT 2025","Get User","User Management","",""
"","94","Create Transfer Schedule","QA - Northquest / Business","Fri Jun 27 18:47:45 GMT 2025","passed","Fri Jun 27 18:47:45 GMT 2025","Schedule > Transfer Schedule","Transfer","",""
"","105","Refresh Token - Empty Fields","QA - Northquest / Business","Fri Jun 27 18:47:33 GMT 2025","passed","Fri Jun 27 18:47:33 GMT 2025","Refresh Token","Onboarding","",""
"","89","Get Transactions","QA - Northquest / Business","Fri Jun 27 18:47:54 GMT 2025","passed","Fri Jun 27 18:47:54 GMT 2025","Get transactions","Transactions","",""
"","91","Make bill payment-Invalid option Id","QA - Northquest / Business","Fri Jun 27 18:47:52 GMT 2025","failed","Fri Jun 27 18:47:52 GMT 2025","Make Bill Payment > Make bill payment-Cable TV > DSTV","Pay Bills","",""
"","422","Change Password","QA - Northquest / Business","Fri Jun 27 18:47:33 GMT 2025","passed","Fri Jun 27 18:47:33 GMT 2025","Change Password","Onboarding","",""
"","103","Verify TwoFA - Code < 6 Digits","QA - Northquest / Business","Fri Jun 27 18:47:57 GMT 2025","failed","Fri Jun 27 18:47:57 GMT 2025","Two-FA > Verify Two-FA","User","",""
"","111","Verify Phone - Phone > 16","QA - Northquest / Business","Fri Jun 27 18:47:29 GMT 2025","failed","Fri Jun 27 18:47:29 GMT 2025","SignUp > Verify phone number","Onboarding","",""
"","386","Verify Email - Valid","QA - Northquest / Business","Fri Jun 27 18:47:28 GMT 2025","passed","Fri Jun 27 18:47:28 GMT 2025","SignUp > Verify email","Onboarding","",""
"","89","Verify Biller Account Number-Invalid account number","QA - Northquest / Business","Fri Jun 27 18:47:50 GMT 2025","passed","Fri Jun 27 18:47:50 GMT 2025","Verify Biller account number","Pay Bills","",""
"","103","Get Dispute","QA - Northquest / Business","Fri Jun 27 18:47:56 GMT 2025","failed","Fri Jun 27 18:47:56 GMT 2025","Get Dispute","Transactions","",""
"","101","Invite User - Non existing role","QA - Northquest / Business","Fri Jun 27 18:47:39 GMT 2025","failed","Fri Jun 27 18:47:39 GMT 2025","Invite User","User Management","",""
"","91","Update Transfer Schedule","QA - Northquest / Business","Fri Jun 27 18:47:45 GMT 2025","passed","Fri Jun 27 18:47:45 GMT 2025","Schedule > Transfer Schedule","Transfer","",""
"","105","Verify Email - Already Existing Email","QA - Northquest / Business","Fri Jun 27 18:47:29 GMT 2025","failed","Fri Jun 27 18:47:29 GMT 2025","SignUp > Verify email","Onboarding","",""
"","91","Make bill payment-Invalid biller Id","QA - Northquest / Business","Fri Jun 27 18:47:52 GMT 2025","failed","Fri Jun 27 18:47:53 GMT 2025","Make Bill Payment > Make bill payment-Cable TV > GOTV","Pay Bills","",""
"","96","Get File","QA - Northquest / Business","Fri Jun 27 18:47:57 GMT 2025","passed","Fri Jun 27 18:47:58 GMT 2025","","Files","",""
"","100","Get Roles - Empty Profile ID","QA - Northquest / Business","Fri Jun 27 18:47:37 GMT 2025","failed","Fri Jun 27 18:47:37 GMT 2025","Roles > Get Roles","Roles and Permissions","",""
"","121","Create Saving Plan","QA - Northquest / Business","Fri Jun 27 18:47:59 GMT 2025","passed","Fri Jun 27 18:48:00 GMT 2025","Create Saving Plan","Savings/Investments","",""
"","103","Update Role -Invalid permission ID","QA - Northquest / Business","Fri Jun 27 18:47:38 GMT 2025","failed","Fri Jun 27 18:47:38 GMT 2025","Roles > Update Role","Roles and Permissions","",""
"","91","Make bill payment-Invalid option Id","QA - Northquest / Business","Fri Jun 27 18:47:53 GMT 2025","failed","Fri Jun 27 18:47:53 GMT 2025","Make Bill Payment > Make bill payment-Cable TV > GOTV","Pay Bills","",""
"","159","Get Fees - Empty Fields","QA - Northquest / Business","Fri Jun 27 18:47:46 GMT 2025","failed","Fri Jun 27 18:47:46 GMT 2025","","Get Fees","",""
"","95","Get Document","QA - Northquest / Business","Fri Jun 27 18:47:58 GMT 2025","passed","Fri Jun 27 18:47:58 GMT 2025","Get Document","Documents","",""
"","103","Create User - Empty Fields","QA - Northquest / Business","Fri Jun 27 18:47:30 GMT 2025","passed","Fri Jun 27 18:47:30 GMT 2025","SignUp > Create user","Onboarding","",""
"","101","List Biller Options-Invalid category Id","QA - Northquest / Business","Fri Jun 27 18:47:50 GMT 2025","failed","Fri Jun 27 18:47:50 GMT 2025","List Biller Options","Pay Bills","",""
"","100","Get Disputes-No Auth","QA - Northquest / Business","Fri Jun 27 18:47:56 GMT 2025","failed","Fri Jun 27 18:47:56 GMT 2025","Get Disputes","Transactions","",""
"","99","Forgot Password - Rebase","QA - Northquest / Business","Fri Jun 27 18:47:32 GMT 2025","passed","Fri Jun 27 18:47:32 GMT 2025","Reset password","Onboarding","",""
"","95","Reset Password - Empty confirm Password field","QA - Northquest / Business","Fri Jun 27 18:47:32 GMT 2025","failed","Fri Jun 27 18:47:32 GMT 2025","Reset password","Onboarding","",""
"","100","Upload File","QA - Northquest / Business","Fri Jun 27 18:47:57 GMT 2025","passed","Fri Jun 27 18:47:57 GMT 2025","","Files","",""
"","98","Create Transfer Beneficiary","QA - Northquest / Business","Fri Jun 27 18:47:46 GMT 2025","passed","Fri Jun 27 18:47:46 GMT 2025","Transfer Beneficiaries > Create Beneficiary","Beneficiaries","",""
"","100","Get Role","QA - Northquest / Business","Fri Jun 27 18:47:37 GMT 2025","passed","Fri Jun 27 18:47:37 GMT 2025","Roles > Get Role","Roles and Permissions","",""
"","94","Create Bill Payment Schedule","QA - Northquest / Business","Fri Jun 27 18:47:45 GMT 2025","passed","Fri Jun 27 18:47:45 GMT 2025","Schedule > Bills Payment Schedule","Transfer","",""
"","95","Update User Profile-Empty id field","QA - Northquest / Business","Fri Jun 27 18:47:41 GMT 2025","failed","Fri Jun 27 18:47:41 GMT 2025","Update User Profile","User Management","",""
"","92","List Bill Categories","QA - Northquest / Business","Fri Jun 27 18:47:48 GMT 2025","failed","Fri Jun 27 18:47:48 GMT 2025","List Bill categories","Pay Bills","",""
"","106","Create User - Invalid Phone OTP","QA - Northquest / Business","Fri Jun 27 18:47:30 GMT 2025","failed","Fri Jun 27 18:47:30 GMT 2025","SignUp > Create user","Onboarding","",""
"","96","Update Role","QA - Northquest / Business","Fri Jun 27 18:47:37 GMT 2025","passed","Fri Jun 27 18:47:37 GMT 2025","Roles > Update Role","Roles and Permissions","",""
"","321","Reset Password - Complexity","QA - Northquest / Business","Fri Jun 27 18:47:31 GMT 2025","failed","Fri Jun 27 18:47:31 GMT 2025","Reset password","Onboarding","",""
"","101","Resend Invite","QA - Northquest / Business","Fri Jun 27 18:47:40 GMT 2025","failed","Fri Jun 27 18:47:40 GMT 2025","Resend Invite","User Management","",""
"","105","Create User - Password Complexity","QA - Northquest / Business","Fri Jun 27 18:47:30 GMT 2025","failed","Fri Jun 27 18:47:30 GMT 2025","SignUp > Create user","Onboarding","",""
"","100","Create Transfer Beneficiary-Incomplete account number","QA - Northquest / Business","Fri Jun 27 18:47:46 GMT 2025","failed","Fri Jun 27 18:47:46 GMT 2025","Transfer Beneficiaries > Create Beneficiary","Beneficiaries","",""
"","94","List Biller Options-Education-Waec","QA - Northquest / Business","Fri Jun 27 18:47:50 GMT 2025","failed","Fri Jun 27 18:47:50 GMT 2025","List Biller Options","Pay Bills","",""
"","101","List Locations - States","QA - Northquest / Business","Fri Jun 27 18:48:00 GMT 2025","failed","Fri Jun 27 18:48:00 GMT 2025","Locations","Settings","",""
"","95","Get Wallet Stats","QA - Northquest / Business","Fri Jun 27 18:47:42 GMT 2025","passed","Fri Jun 27 18:47:42 GMT 2025","","Dashboard","",""
"","105","Invite User - Invalid Profile ID","QA - Northquest / Business","Fri Jun 27 18:47:39 GMT 2025","failed","Fri Jun 27 18:47:39 GMT 2025","Invite User","User Management","",""
"","99","Create Transfer Beneficiary-Empty fields","QA - Northquest / Business","Fri Jun 27 18:47:46 GMT 2025","failed","Fri Jun 27 18:47:46 GMT 2025","Transfer Beneficiaries > Create Beneficiary","Beneficiaries","",""
"","104","Transaction Summary","QA - Northquest / Business","Fri Jun 27 18:47:56 GMT 2025","passed","Fri Jun 27 18:47:56 GMT 2025","Transaction Summary","Transactions","",""
"","101","Get Loan Stats","QA - Northquest / Business","Fri Jun 27 18:47:42 GMT 2025","passed","Fri Jun 27 18:47:42 GMT 2025","","Dashboard","",""
"","100","List Billers-No auth","QA - Northquest / Business","Fri Jun 27 18:47:49 GMT 2025","failed","Fri Jun 27 18:47:49 GMT 2025","List Billers","Pay Bills","",""
"","122","Liquidate Savings Plan","QA - Northquest / Business","Fri Jun 27 18:48:00 GMT 2025","passed","Fri Jun 27 18:48:00 GMT 2025","Liquidate Savings Plan","Savings/Investments","",""
"","102","Create Wallet - Empty fields","QA - Northquest / Business","Fri Jun 27 18:47:43 GMT 2025","failed","Fri Jun 27 18:47:43 GMT 2025","Create wallet","Wallets","",""
"","91","List Billers-electricity","QA - Northquest / Business","Fri Jun 27 18:47:48 GMT 2025","failed","Fri Jun 27 18:47:49 GMT 2025","List Billers","Pay Bills","",""
"","95","Get Users - No Auth","QA - Northquest / Business","Fri Jun 27 18:47:38 GMT 2025","failed","Fri Jun 27 18:47:39 GMT 2025","Get Users","User Management","",""
"","105","Resend Invite - Empty user profile ID field","QA - Northquest / Business","Fri Jun 27 18:47:40 GMT 2025","failed","Fri Jun 27 18:47:40 GMT 2025","Resend Invite","User Management","",""
"","99","Create Bill Beneficiary","QA - Northquest / Business","Fri Jun 27 18:47:48 GMT 2025","passed","Fri Jun 27 18:47:48 GMT 2025","Bill Beneficiary > Bill Beneficiaries","Beneficiaries","",""
"","160","Export Transactions-No Auth","QA - Northquest / Business","Fri Jun 27 18:47:55 GMT 2025","failed","Fri Jun 27 18:47:55 GMT 2025","Export transactions","Transactions","",""
"","99","Make bill payment-Invalid category Id","QA - Northquest / Business","Fri Jun 27 18:47:52 GMT 2025","failed","Fri Jun 27 18:47:52 GMT 2025","Make Bill Payment > Make bill payment-Cable TV > DSTV","Pay Bills","",""
"","99","Make Bill Payment","QA - Northquest / Business","Fri Jun 27 18:47:51 GMT 2025","failed","Fri Jun 27 18:47:52 GMT 2025","Make Bill Payment > Make bill payment-Data > 9MOBILE","Pay Bills","",""
"","97","Delete User","QA - Northquest / Business","Fri Jun 27 18:47:41 GMT 2025","passed","Fri Jun 27 18:47:42 GMT 2025","Delete User","User Management","",""
"","98","Create Role - Invalid profile ID","QA - Northquest / Business","Fri Jun 27 18:47:37 GMT 2025","failed","Fri Jun 27 18:47:37 GMT 2025","Roles > Create Role","Roles and Permissions","",""
"","98","Delete Transfer Beneficiary -Invalid beneficiary Id","QA - Northquest / Business","Fri Jun 27 18:47:47 GMT 2025","failed","Fri Jun 27 18:47:47 GMT 2025","Transfer Beneficiaries > Delete Beneficiary","Beneficiaries","",""
"","169","New Request","QA - Northquest / Business","Fri Jun 27 18:47:33 GMT 2025","passed","Fri Jun 27 18:47:34 GMT 2025","Create Profile","Profile","",""
"","103","Automation Purposed - Get Users","QA - Northquest / Business","Fri Jun 27 18:47:41 GMT 2025","passed","Fri Jun 27 18:47:41 GMT 2025","Delete User","User Management","",""
"","103","Login","QA - Northquest / Business","Fri Jun 27 18:47:30 GMT 2025","passed","Fri Jun 27 18:47:30 GMT 2025","Login","Onboarding","",""
"","101","Update Notification","QA - Northquest / Business","Fri Jun 27 18:47:59 GMT 2025","passed","Fri Jun 27 18:47:59 GMT 2025","","Notification","",""
"","105","Forgot Password - Valid","QA - Northquest / Business","Fri Jun 27 18:47:31 GMT 2025","passed","Fri Jun 27 18:47:31 GMT 2025","Forgot password","Onboarding","",""
"","105","Create Dispute-Invalid transaction id","QA - Northquest / Business","Fri Jun 27 18:47:55 GMT 2025","failed","Fri Jun 27 18:47:55 GMT 2025","Create Dispute","Transactions","",""
"","107","Get Saving Plans","QA - Northquest / Business","Fri Jun 27 18:48:00 GMT 2025","passed","Fri Jun 27 18:48:00 GMT 2025","Get Savings Plans","Savings/Investments","",""
"","95","List Biller Options-Data-9mobile","QA - Northquest / Business","Fri Jun 27 18:47:49 GMT 2025","failed","Fri Jun 27 18:47:49 GMT 2025","List Biller Options","Pay Bills","",""
"","103","Login - Wrong Password","QA - Northquest / Business","Fri Jun 27 18:47:30 GMT 2025","failed","Fri Jun 27 18:47:31 GMT 2025","Login","Onboarding","",""
"","103","Update Maker Checker - Invalid Pin","QA - Northquest / Business","Fri Jun 27 18:47:42 GMT 2025","failed","Fri Jun 27 18:47:42 GMT 2025","Update Maker Checker","Maker Checker","",""
"","165","Get Transaction-No auth","QA - Northquest / Business","Fri Jun 27 18:47:54 GMT 2025","failed","Fri Jun 27 18:47:54 GMT 2025","Get transaction","Transactions","",""
"","93","Make Bill Payment","QA - Northquest / Business","Fri Jun 27 18:47:51 GMT 2025","failed","Fri Jun 27 18:47:51 GMT 2025","Make Bill Payment > Make bill payment-Airtime > 9MOBILE","Pay Bills","",""
"","176","Verify Email - Invalid Email Format","QA - Northquest / Business","Fri Jun 27 18:47:28 GMT 2025","failed","Fri Jun 27 18:47:29 GMT 2025","SignUp > Verify email","Onboarding","",""
"","93","Update Maker Checker","QA - Northquest / Business","Fri Jun 27 18:47:42 GMT 2025","failed","Fri Jun 27 18:47:42 GMT 2025","Update Maker Checker","Maker Checker","",""
"","95","Get Roles","QA - Northquest / Business","Fri Jun 27 18:47:37 GMT 2025","passed","Fri Jun 27 18:47:37 GMT 2025","Roles > Get Roles","Roles and Permissions","",""
"","101","Get Profiles - No Auth","QA - Northquest / Business","Fri Jun 27 18:47:34 GMT 2025","failed","Fri Jun 27 18:47:34 GMT 2025","Get Profiles","Profile","",""
"","95","Reject Operation","QA - Northquest / Business","Fri Jun 27 18:47:43 GMT 2025","failed","Fri Jun 27 18:47:43 GMT 2025","Maker Checker Operations > Reject Operation","Maker Checker","",""
"","94","Make Bill Payment","QA - Northquest / Business","Fri Jun 27 18:47:51 GMT 2025","failed","Fri Jun 27 18:47:51 GMT 2025","Make Bill Payment > Make bill payment-Airtime > MTN","Pay Bills","",""
"","100","Get Saving Plan Stats","QA - Northquest / Business","Fri Jun 27 18:47:42 GMT 2025","passed","Fri Jun 27 18:47:42 GMT 2025","","Dashboard","",""
"","99","Create Profile - Empty Fields","QA - Northquest / Business","Fri Jun 27 18:47:33 GMT 2025","passed","Fri Jun 27 18:47:33 GMT 2025","Create Profile","Profile","",""
"","95","Invite User","QA - Northquest / Business","Fri Jun 27 18:47:39 GMT 2025","passed","Fri Jun 27 18:47:39 GMT 2025","Invite User","User Management","",""
"","102","Get Profile by ID - Invalid ID","QA - Northquest / Business","Fri Jun 27 18:47:34 GMT 2025","failed","Fri Jun 27 18:47:34 GMT 2025","Get Profile by ID","Profile","",""
"","101","Forgot PIN","QA - Northquest / Business","Fri Jun 27 18:47:56 GMT 2025","passed","Fri Jun 27 18:47:56 GMT 2025","Forgot PIN","User","",""
"","100","List Billers-Data","QA - Northquest / Business","Fri Jun 27 18:47:48 GMT 2025","failed","Fri Jun 27 18:47:48 GMT 2025","List Billers","Pay Bills","",""
"","100","List Billers-Airtime","QA - Northquest / Business","Fri Jun 27 18:47:48 GMT 2025","failed","Fri Jun 27 18:47:48 GMT 2025","List Billers","Pay Bills","",""
"","102","Update Profile - Empty Fields","QA - Northquest / Business","Fri Jun 27 18:47:34 GMT 2025","passed","Fri Jun 27 18:47:34 GMT 2025","Update Profile","Profile","",""
"","95","Update Profile - Valid","QA - Northquest / Business","Fri Jun 27 18:47:34 GMT 2025","passed","Fri Jun 27 18:47:34 GMT 2025","Update Profile","Profile","",""
"","97","Create Role","QA - Northquest / Business","Fri Jun 27 18:47:36 GMT 2025","passed","Fri Jun 27 18:47:36 GMT 2025","Roles > Create Role","Roles and Permissions","",""
"","99","Invite User - Already Existing User","QA - Northquest / Business","Fri Jun 27 18:47:39 GMT 2025","failed","Fri Jun 27 18:47:39 GMT 2025","Invite User","User Management","",""
"","100","Make Bill Payment","QA - Northquest / Business","Fri Jun 27 18:47:53 GMT 2025","failed","Fri Jun 27 18:47:53 GMT 2025","Make Bill Payment > Make bill payment-Education","Pay Bills","",""
"","100","Make bill payment","QA - Northquest / Business","Fri Jun 27 18:47:52 GMT 2025","failed","Fri Jun 27 18:47:52 GMT 2025","Make Bill Payment > Make bill payment-Cable TV > DSTV","Pay Bills","",""
"","98","Update Role-Invalid status","QA - Northquest / Business","Fri Jun 27 18:47:38 GMT 2025","failed","Fri Jun 27 18:47:38 GMT 2025","Roles > Update Role","Roles and Permissions","",""
"","101","Verify TwoFA - Valid","QA - Northquest / Business","Fri Jun 27 18:47:57 GMT 2025","passed","Fri Jun 27 18:47:57 GMT 2025","Two-FA > Verify Two-FA","User","",""
"","101","List Biller Options-Data-Smile","QA - Northquest / Business","Fri Jun 27 18:47:50 GMT 2025","failed","Fri Jun 27 18:47:50 GMT 2025","List Biller Options","Pay Bills","",""
"","94","Update User Location","QA - Northquest / Business","Fri Jun 27 18:47:41 GMT 2025","failed","Fri Jun 27 18:47:41 GMT 2025","Update User Profile","User Management","",""
"","100","Get Notification","QA - Northquest / Business","Fri Jun 27 18:47:59 GMT 2025","passed","Fri Jun 27 18:47:59 GMT 2025","","Notification","",""
"","167","Get Transactions-No Auth","QA - Northquest / Business","Fri Jun 27 18:47:54 GMT 2025","failed","Fri Jun 27 18:47:54 GMT 2025","Get transactions","Transactions","",""
"","103","Update Role-Empty profile id field","QA - Northquest / Business","Fri Jun 27 18:47:37 GMT 2025","failed","Fri Jun 27 18:47:38 GMT 2025","Roles > Update Role","Roles and Permissions","",""
"","93","Get Logged in User Profile","QA - Northquest / Business","Fri Jun 27 18:47:34 GMT 2025","passed","Fri Jun 27 18:47:34 GMT 2025","Get Profile by ID","Profile","",""
"","101","List Tiers","QA - Northquest / Business","Fri Jun 27 18:47:58 GMT 2025","passed","Fri Jun 27 18:47:58 GMT 2025","Fetch Teirs","Tiers","",""
"","109","Verify Phone - Incomplete Phone Number","QA - Northquest / Business","Fri Jun 27 18:47:29 GMT 2025","failed","Fri Jun 27 18:47:29 GMT 2025","SignUp > Verify phone number","Onboarding","",""
"","100","List Documents","QA - Northquest / Business","Fri Jun 27 18:47:58 GMT 2025","passed","Fri Jun 27 18:47:58 GMT 2025","List Documents","Documents","",""
"","99","Refresh - Token","QA - Northquest / Business","Fri Jun 27 18:47:33 GMT 2025","passed","Fri Jun 27 18:47:33 GMT 2025","Refresh Token","Onboarding","",""
"","100","Get User - No Auth","QA - Northquest / Business","Fri Jun 27 18:47:39 GMT 2025","failed","Fri Jun 27 18:47:39 GMT 2025","Get User","User Management","",""
"","97","Set Document-Invalid type id","QA - Northquest / Business","Fri Jun 27 18:47:59 GMT 2025","passed","Fri Jun 27 18:47:59 GMT 2025","Set Document","Documents","",""
"","103","Create Role - Existing Name","QA - Northquest / Business","Fri Jun 27 18:47:36 GMT 2025","failed","Fri Jun 27 18:47:36 GMT 2025","Roles > Create Role","Roles and Permissions","",""
"","101","Match Contacts","QA - Northquest / Business","Fri Jun 27 18:47:46 GMT 2025","failed","Fri Jun 27 18:47:46 GMT 2025","Match Contacts","Transfer","",""
"","101","Get Bill Beneficiaries","QA - Northquest / Business","Fri Jun 27 18:47:48 GMT 2025","passed","Fri Jun 27 18:47:48 GMT 2025","Bill Beneficiary > Bill Beneficiaries","Beneficiaries","",""
"","169","Create Dispute-Empty fields","QA - Northquest / Business","Fri Jun 27 18:47:55 GMT 2025","failed","Fri Jun 27 18:47:55 GMT 2025","Create Dispute","Transactions","",""
"","90","List Biller Options-Startimes","QA - Northquest / Business","Fri Jun 27 18:47:49 GMT 2025","failed","Fri Jun 27 18:47:49 GMT 2025","List Biller Options","Pay Bills","",""
"","103","Update User Profile-Invalid profile id","QA - Northquest / Business","Fri Jun 27 18:47:41 GMT 2025","failed","Fri Jun 27 18:47:41 GMT 2025","Update User Profile","User Management","",""
"","100","Forgot Password - Revert","QA - Northquest / Business","Fri Jun 27 18:47:32 GMT 2025","passed","Fri Jun 27 18:47:32 GMT 2025","Reset password","Onboarding","",""
"","98","Get Transfer Beneficiaries","QA - Northquest / Business","Fri Jun 27 18:47:47 GMT 2025","passed","Fri Jun 27 18:47:47 GMT 2025","Transfer Beneficiaries > Get Beneficiaries","Beneficiaries","",""
"","102","Get Disputes","QA - Northquest / Business","Fri Jun 27 18:47:55 GMT 2025","passed","Fri Jun 27 18:47:56 GMT 2025","Get Disputes","Transactions","",""
"","106","Update Wallet - Unrestrict","QA - Northquest / Business","Fri Jun 27 18:47:44 GMT 2025","failed","Fri Jun 27 18:47:44 GMT 2025","Update wallet","Wallets","",""
"","96","Update User Profile - Active","QA - Northquest / Business","Fri Jun 27 18:47:40 GMT 2025","passed","Fri Jun 27 18:47:40 GMT 2025","Update User Profile","User Management","",""
"","101","List Biller Options-Gotv","QA - Northquest / Business","Fri Jun 27 18:47:49 GMT 2025","failed","Fri Jun 27 18:47:49 GMT 2025","List Biller Options","Pay Bills","",""
"","96","Get Transactions","QA - Northquest / Business","Fri Jun 27 18:47:42 GMT 2025","passed","Fri Jun 27 18:47:42 GMT 2025","","Dashboard","",""
"","104","Create User - Invalid Email OTP","QA - Northquest / Business","Fri Jun 27 18:47:30 GMT 2025","failed","Fri Jun 27 18:47:30 GMT 2025","SignUp > Create user","Onboarding","",""
"","107","Create User - Valid","QA - Northquest / Business","Fri Jun 27 18:47:29 GMT 2025","passed","Fri Jun 27 18:47:29 GMT 2025","SignUp > Create user","Onboarding","",""
"","99","Approve Operation","QA - Northquest / Business","Fri Jun 27 18:47:43 GMT 2025","failed","Fri Jun 27 18:47:43 GMT 2025","Maker Checker Operations > Approve Operation","Maker Checker","",""
"","95","Approve Operation - Empty Fields","QA - Northquest / Business","Fri Jun 27 18:47:43 GMT 2025","failed","Fri Jun 27 18:47:43 GMT 2025","Maker Checker Operations > Approve Operation","Maker Checker","",""
"","88","Get Bill Beneficiary","QA - Northquest / Business","Fri Jun 27 18:47:48 GMT 2025","passed","Fri Jun 27 18:47:48 GMT 2025","Bill Beneficiary > Bill Beneficiaries","Beneficiaries","",""
"","169","Delete Bill Beneficiary","QA - Northquest / Business","Fri Jun 27 18:47:48 GMT 2025","failed","Fri Jun 27 18:47:48 GMT 2025","Bill Beneficiary > Bill Beneficiaries","Beneficiaries","",""
"","165","Create Dispute","QA - Northquest / Business","Fri Jun 27 18:47:55 GMT 2025","failed","Fri Jun 27 18:47:55 GMT 2025","Create Dispute","Transactions","",""
"","105","Disable TwoFA - Invalid","QA - Northquest / Business","Fri Jun 27 18:47:57 GMT 2025","failed","Fri Jun 27 18:47:57 GMT 2025","Two-FA > Disable Two-FA","User","",""
"","102","Get Saving Plan Certificate","QA - Northquest / Business","Fri Jun 27 18:48:00 GMT 2025","passed","Fri Jun 27 18:48:00 GMT 2025","Get Savings Plan Certificate","Savings/Investments","",""
"","100","Get Roles - No Auth","QA - Northquest / Business","Fri Jun 27 18:47:37 GMT 2025","failed","Fri Jun 27 18:47:37 GMT 2025","Roles > Get Roles","Roles and Permissions","",""
"","100","Make bill payment-Invalid option Id","QA - Northquest / Business","Fri Jun 27 18:47:53 GMT 2025","failed","Fri Jun 27 18:47:53 GMT 2025","Make Bill Payment > Make bill payment-Cable TV > STARTIMES","Pay Bills","",""
"","100","Withdraw Savings Plan Copy","QA - Northquest / Business","Fri Jun 27 18:48:00 GMT 2025","passed","Fri Jun 27 18:48:00 GMT 2025","Withdraw Savings Plans","Savings/Investments","",""
"","514","Reset Password - Password Mismatch","QA - Northquest / Business","Fri Jun 27 18:47:31 GMT 2025","failed","Fri Jun 27 18:47:32 GMT 2025","Reset password","Onboarding","",""
"","101","List wallets - Invalid Profile Id","QA - Northquest / Business","Fri Jun 27 18:47:43 GMT 2025","failed","Fri Jun 27 18:47:43 GMT 2025","List wallets","Wallets","",""
"","97","Update Role-Invalid id","QA - Northquest / Business","Fri Jun 27 18:47:37 GMT 2025","failed","Fri Jun 27 18:47:37 GMT 2025","Roles > Update Role","Roles and Permissions","",""
"","92","Update Wallet - Restrict","QA - Northquest / Business","Fri Jun 27 18:47:44 GMT 2025","failed","Fri Jun 27 18:47:44 GMT 2025","Update wallet","Wallets","",""
"","95","Transfer Empty Fields","QA - Northquest / Business","Fri Jun 27 18:47:44 GMT 2025","failed","Fri Jun 27 18:47:45 GMT 2025","Transfer","Transfer","",""
"","100","Update User Profile-Empty fields","QA - Northquest / Business","Fri Jun 27 18:47:41 GMT 2025","failed","Fri Jun 27 18:47:41 GMT 2025","Update User Profile","User Management","",""
"","89","Verify Biller Account Number-Empty fields","QA - Northquest / Business","Fri Jun 27 18:47:50 GMT 2025","passed","Fri Jun 27 18:47:51 GMT 2025","Verify Biller account number","Pay Bills","",""
"","106","Update Profile - Invalid ProfileId Syntax","QA - Northquest / Business","Fri Jun 27 18:47:34 GMT 2025","passed","Fri Jun 27 18:47:35 GMT 2025","Update Profile","Profile","",""
"","105","Batch Account Enquiry","QA - Northquest / Business","Fri Jun 27 18:47:45 GMT 2025","passed","Fri Jun 27 18:47:45 GMT 2025","Batch Account Enquiry","Transfer","",""
"","105","Get Users - Filter Inactive","QA - Northquest / Business","Fri Jun 27 18:47:38 GMT 2025","passed","Fri Jun 27 18:47:38 GMT 2025","Get Users","User Management","",""
"","101","Change Password - Empty Fields","QA - Northquest / Business","Fri Jun 27 18:47:35 GMT 2025","failed","Fri Jun 27 18:47:35 GMT 2025","Change Password/ Passcode","Profile","",""
"","98","Change Password - Revert","QA - Northquest / Business","Fri Jun 27 18:47:35 GMT 2025","passed","Fri Jun 27 18:47:35 GMT 2025","Change Password/ Passcode","Profile","",""
"","165","Export Transactions","QA - Northquest / Business","Fri Jun 27 18:47:54 GMT 2025","passed","Fri Jun 27 18:47:55 GMT 2025","Export transactions","Transactions","",""
"","96","Bulk Transfer","QA - Northquest / Business","Fri Jun 27 18:47:45 GMT 2025","passed","Fri Jun 27 18:47:45 GMT 2025","Bulk transfer","Transfer","",""
"","102","List Billers-Invalid category Id","QA - Northquest / Business","Fri Jun 27 18:47:49 GMT 2025","failed","Fri Jun 27 18:47:49 GMT 2025","List Billers","Pay Bills","",""
"","107","Update Maker Checker - Empty Fields","QA - Northquest / Business","Fri Jun 27 18:47:42 GMT 2025","failed","Fri Jun 27 18:47:42 GMT 2025","Update Maker Checker","Maker Checker","",""
"","97","Accept Invite","QA - Northquest / Business","Fri Jun 27 18:47:39 GMT 2025","failed","Fri Jun 27 18:47:40 GMT 2025","Accept Invite","User Management","",""
"","96","Get Wallet","QA - Northquest / Business","Fri Jun 27 18:47:44 GMT 2025","failed","Fri Jun 27 18:47:44 GMT 2025","Get wallet","Wallets","",""
"","100","Update User Profile-Empty profile id field","QA - Northquest / Business","Fri Jun 27 18:47:41 GMT 2025","failed","Fri Jun 27 18:47:41 GMT 2025","Update User Profile","User Management","",""
"","101","Update Role-Invalid Profile ID","QA - Northquest / Business","Fri Jun 27 18:47:37 GMT 2025","failed","Fri Jun 27 18:47:37 GMT 2025","Roles > Update Role","Roles and Permissions","",""
"","96","Make Bill Payment-Invalid category Id","QA - Northquest / Business","Fri Jun 27 18:47:53 GMT 2025","passed","Fri Jun 27 18:47:53 GMT 2025","Make Bill Payment > Make bill payment-Electricity","Pay Bills","",""
"","106","Verify Phone - Invalid Phone Number","QA - Northquest / Business","Fri Jun 27 18:47:29 GMT 2025","failed","Fri Jun 27 18:47:29 GMT 2025","SignUp > Verify phone number","Onboarding","",""
"","109","Verify Email - Empty Fields","QA - Northquest / Business","Fri Jun 27 18:47:29 GMT 2025","failed","Fri Jun 27 18:47:29 GMT 2025","SignUp > Verify email","Onboarding","",""
"","104","Make bill payment-Empty fields","QA - Northquest / Business","Fri Jun 27 18:47:52 GMT 2025","failed","Fri Jun 27 18:47:52 GMT 2025","Make Bill Payment > Make bill payment-Cable TV > GOTV","Pay Bills","",""
"","97","Close Account","QA - Northquest / Business","Fri Jun 27 18:47:36 GMT 2025","passed","Fri Jun 27 18:47:36 GMT 2025","Get Accounts","Profile","",""
"","100","Reject Operation - Empty Fields","QA - Northquest / Business","Fri Jun 27 18:47:43 GMT 2025","failed","Fri Jun 27 18:47:43 GMT 2025","Maker Checker Operations > Reject Operation","Maker Checker","",""
"","107","Reset Password - Rebase","QA - Northquest / Business","Fri Jun 27 18:47:32 GMT 2025","passed","Fri Jun 27 18:47:33 GMT 2025","Reset password","Onboarding","",""
"","99","Get Transfer Beneficiaries-Invalid Profile Id","QA - Northquest / Business","Fri Jun 27 18:47:47 GMT 2025","failed","Fri Jun 27 18:47:47 GMT 2025","Transfer Beneficiaries > Get Beneficiaries","Beneficiaries","",""
"","102","Update User Profile-Invalid status","QA - Northquest / Business","Fri Jun 27 18:47:41 GMT 2025","failed","Fri Jun 27 18:47:41 GMT 2025","Update User Profile","User Management","",""
"","98","Make bill payment-Invalid biller Id","QA - Northquest / Business","Fri Jun 27 18:47:53 GMT 2025","failed","Fri Jun 27 18:47:53 GMT 2025","Make Bill Payment > Make bill payment-Cable TV > STARTIMES","Pay Bills","",""
"","91","List Biller Options-Dstv","QA - Northquest / Business","Fri Jun 27 18:47:49 GMT 2025","failed","Fri Jun 27 18:47:49 GMT 2025","List Biller Options","Pay Bills","",""
"","99","Create Transfer Beneficiary-Account num>10","QA - Northquest / Business","Fri Jun 27 18:47:46 GMT 2025","failed","Fri Jun 27 18:47:46 GMT 2025","Transfer Beneficiaries > Create Beneficiary","Beneficiaries","",""
"","106","Get Security Question","QA - Northquest / Business","Fri Jun 27 18:47:56 GMT 2025","passed","Fri Jun 27 18:47:56 GMT 2025","Get Security Question","User","",""
"","103","Change Password","QA - Northquest / Business","Fri Jun 27 18:47:35 GMT 2025","passed","Fri Jun 27 18:47:35 GMT 2025","Change Password/ Passcode","Profile","",""
"","106","Get Users - Filter Active","QA - Northquest / Business","Fri Jun 27 18:47:38 GMT 2025","passed","Fri Jun 27 18:47:38 GMT 2025","Get Users","User Management","",""
"","103","Delete Role - Empty Role Id","QA - Northquest / Business","Fri Jun 27 18:47:38 GMT 2025","failed","Fri Jun 27 18:47:38 GMT 2025","Roles > Delete Role","Roles and Permissions","",""
"","98","Make Bill Payment","QA - Northquest / Business","Fri Jun 27 18:47:51 GMT 2025","failed","Fri Jun 27 18:47:51 GMT 2025","Make Bill Payment > Make bill payment-Airtime > AIRTEL","Pay Bills","",""
"","99","Get Account Statement","QA - Northquest / Business","Fri Jun 27 18:47:35 GMT 2025","passed","Fri Jun 27 18:47:36 GMT 2025","Get Accounts","Profile","",""
"","164","Get Transaction","QA - Northquest / Business","Fri Jun 27 18:47:54 GMT 2025","failed","Fri Jun 27 18:47:54 GMT 2025","Get transaction","Transactions","",""
"","99","Get Transfer Beneficiaries-No Auth","QA - Northquest / Business","Fri Jun 27 18:47:47 GMT 2025","failed","Fri Jun 27 18:47:47 GMT 2025","Transfer Beneficiaries > Get Beneficiaries","Beneficiaries","",""
"","99","Get Profiles","QA - Northquest / Business","Fri Jun 27 18:47:34 GMT 2025","passed","Fri Jun 27 18:47:34 GMT 2025","Get Profiles","Profile","",""
"","103","List Locations - Countries","QA - Northquest / Business","Fri Jun 27 18:48:00 GMT 2025","failed","Fri Jun 27 18:48:00 GMT 2025","Locations","Settings","",""
"","90","Get Operations","QA - Northquest / Business","Fri Jun 27 18:47:42 GMT 2025","passed","Fri Jun 27 18:47:43 GMT 2025","Maker Checker Operations > Get Operations","Maker Checker","",""
"","96","Forgot Password - Invalid Email","QA - Northquest / Business","Fri Jun 27 18:47:31 GMT 2025","failed","Fri Jun 27 18:47:31 GMT 2025","Forgot password","Onboarding","",""
"","99","Make Bill Payment","QA - Northquest / Business","Fri Jun 27 18:47:53 GMT 2025","failed","Fri Jun 27 18:47:53 GMT 2025","Make Bill Payment > Make bill payment-Electricity","Pay Bills","",""
"","96","Get Users","QA - Northquest / Business","Fri Jun 27 18:47:40 GMT 2025","passed","Fri Jun 27 18:47:40 GMT 2025","Resend Invite > Automation Purposed Invite User","User Management","",""
"","99","Create Transfer Beneficiary-Existing beneficiary","QA - Northquest / Business","Fri Jun 27 18:47:46 GMT 2025","failed","Fri Jun 27 18:47:46 GMT 2025","Transfer Beneficiaries > Create Beneficiary","Beneficiaries","",""
"","105","Get Wallet - No Auth","QA - Northquest / Business","Fri Jun 27 18:47:44 GMT 2025","failed","Fri Jun 27 18:47:44 GMT 2025","Get wallet","Wallets","",""
"","99","List Locations - Continents","QA - Northquest / Business","Fri Jun 27 18:48:00 GMT 2025","passed","Fri Jun 27 18:48:00 GMT 2025","Locations","Settings","",""
"","92","List Biller Options-Data-Mtn","QA - Northquest / Business","Fri Jun 27 18:47:49 GMT 2025","failed","Fri Jun 27 18:47:49 GMT 2025","List Biller Options","Pay Bills","",""
"","161","Get Transaction-Invalid Profile Id","QA - Northquest / Business","Fri Jun 27 18:47:54 GMT 2025","failed","Fri Jun 27 18:47:54 GMT 2025","Get transaction","Transactions","",""
"","91","Make bill payment-Invalid biller Id","QA - Northquest / Business","Fri Jun 27 18:47:52 GMT 2025","failed","Fri Jun 27 18:47:52 GMT 2025","Make Bill Payment > Make bill payment-Cable TV > DSTV","Pay Bills","",""
"","101","Update User Profile-Invalid role ID","QA - Northquest / Business","Fri Jun 27 18:47:41 GMT 2025","failed","Fri Jun 27 18:47:41 GMT 2025","Update User Profile","User Management","",""
"","101","Create Transfer Beneficiary-Invalid Profile Id","QA - Northquest / Business","Fri Jun 27 18:47:46 GMT 2025","failed","Fri Jun 27 18:47:46 GMT 2025","Transfer Beneficiaries > Create Beneficiary","Beneficiaries","",""
"","95","Get Account","QA - Northquest / Business","Fri Jun 27 18:47:35 GMT 2025","passed","Fri Jun 27 18:47:35 GMT 2025","Get Accounts","Profile","",""
"","102","List Notifications","QA - Northquest / Business","Fri Jun 27 18:47:59 GMT 2025","passed","Fri Jun 27 18:47:59 GMT 2025","","Notification","",""
"","101","Get Profile - Automation Purposed","QA - Northquest / Business","Fri Jun 27 18:47:42 GMT 2025","passed","Fri Jun 27 18:47:42 GMT 2025","Update Maker Checker","Maker Checker","",""
"","102","Reset Password - Revert","QA - Northquest / Business","Fri Jun 27 18:47:32 GMT 2025","passed","Fri Jun 27 18:47:32 GMT 2025","Reset password","Onboarding","",""
"","150","List Notifications","QA - Northquest / Business","Fri Jun 27 18:47:42 GMT 2025","passed","Fri Jun 27 18:47:42 GMT 2025","","Dashboard","",""
"","99","Set Document-Empty fields","QA - Northquest / Business","Fri Jun 27 18:47:58 GMT 2025","passed","Fri Jun 27 18:47:59 GMT 2025","Set Document","Documents","",""
"","104","Verify Phone - Valid","QA - Northquest / Business","Fri Jun 27 18:47:29 GMT 2025","passed","Fri Jun 27 18:47:29 GMT 2025","SignUp > Verify phone number","Onboarding","",""
"","98","Get Transfer Beneficiary-No auth","QA - Northquest / Business","Fri Jun 27 18:47:47 GMT 2025","failed","Fri Jun 27 18:47:48 GMT 2025","Transfer Beneficiaries > Get Beneficiary","Beneficiaries","",""
"","100","Get Stats","QA - Northquest / Business","Fri Jun 27 18:47:36 GMT 2025","passed","Fri Jun 27 18:47:36 GMT 2025","Get Accounts","Profile","",""
"","102","Create Dispute-Non existing profile","QA - Northquest / Business","Fri Jun 27 18:47:55 GMT 2025","failed","Fri Jun 27 18:47:55 GMT 2025","Create Dispute","Transactions","",""
"","97","Update Profile - Revert","QA - Northquest / Business","Fri Jun 27 18:47:35 GMT 2025","passed","Fri Jun 27 18:47:35 GMT 2025","Update Profile","Profile","",""
"","109","Generate TwoFA - Valid","QA - Northquest / Business","Fri Jun 27 18:47:56 GMT 2025","failed","Fri Jun 27 18:47:57 GMT 2025","Two-FA > Generate Two-FA","User","",""
"","97","Create Wallet - Invalid Profile Id","QA - Northquest / Business","Fri Jun 27 18:47:43 GMT 2025","failed","Fri Jun 27 18:47:43 GMT 2025","Create wallet","Wallets","",""
"","99","Get Permissions - No Auth","QA - Northquest / Business","Fri Jun 27 18:47:36 GMT 2025","failed","Fri Jun 27 18:47:36 GMT 2025","Permisssions","Roles and Permissions","",""
"","99","Get Tier","QA - Northquest / Business","Fri Jun 27 18:47:58 GMT 2025","passed","Fri Jun 27 18:47:58 GMT 2025","Get Tier","Tiers","",""
"","97","Reset Password","QA - Northquest / Business","Fri Jun 27 18:47:31 GMT 2025","failed","Fri Jun 27 18:47:31 GMT 2025","Reset password","Onboarding","",""
"","91","List Biller Options-Empty fields","QA - Northquest / Business","Fri Jun 27 18:47:50 GMT 2025","failed","Fri Jun 27 18:47:50 GMT 2025","List Biller Options","Pay Bills","",""
"","109","Reset PIN","QA - Northquest / Business","Fri Jun 27 18:47:56 GMT 2025","passed","Fri Jun 27 18:47:56 GMT 2025","Reset PIN","User","",""
"","92","Make bill payment","QA - Northquest / Business","Fri Jun 27 18:47:53 GMT 2025","failed","Fri Jun 27 18:47:53 GMT 2025","Make Bill Payment > Make bill payment-Cable TV > STARTIMES","Pay Bills","",""
"","92","Get Transactions Schedules - Transfer","QA - Northquest / Business","Fri Jun 27 18:47:45 GMT 2025","passed","Fri Jun 27 18:47:45 GMT 2025","Schedule > Get Transaction Schedules","Transfer","",""
"","93","Create Account","QA - Northquest / Business","Fri Jun 27 18:47:36 GMT 2025","passed","Fri Jun 27 18:47:36 GMT 2025","Get Accounts","Profile","",""
"","96","Delete Transfer Beneficiary-Invalid Profile Id","QA - Northquest / Business","Fri Jun 27 18:47:47 GMT 2025","passed","Fri Jun 27 18:47:47 GMT 2025","Transfer Beneficiaries > Delete Beneficiary","Beneficiaries","",""
"","101","Invite User - Empty Fields","QA - Northquest / Business","Fri Jun 27 18:47:39 GMT 2025","failed","Fri Jun 27 18:47:39 GMT 2025","Invite User","User Management","",""
"","98","Invite User - Empty Profile ID","QA - Northquest / Business","Fri Jun 27 18:47:39 GMT 2025","failed","Fri Jun 27 18:47:39 GMT 2025","Invite User","User Management","",""
"","90","Make bill payment-Invalid category Id","QA - Northquest / Business","Fri Jun 27 18:47:52 GMT 2025","failed","Fri Jun 27 18:47:52 GMT 2025","Make Bill Payment > Make bill payment-Cable TV > GOTV","Pay Bills","",""
"","104","Create Profile","QA - Northquest / Business","Fri Jun 27 18:47:33 GMT 2025","passed","Fri Jun 27 18:47:33 GMT 2025","Create Profile","Profile","",""
"","99","List wallets","QA - Northquest / Business","Fri Jun 27 18:47:43 GMT 2025","passed","Fri Jun 27 18:47:43 GMT 2025","List wallets","Wallets","",""
"","108","Resend Invite - Invalid user profile ID","QA - Northquest / Business","Fri Jun 27 18:47:40 GMT 2025","failed","Fri Jun 27 18:47:40 GMT 2025","Resend Invite","User Management","",""
"","96","Get Profile by ID - No Auth","QA - Northquest / Business","Fri Jun 27 18:47:34 GMT 2025","failed","Fri Jun 27 18:47:34 GMT 2025","Get Profile by ID","Profile","",""
"","104","Transfer","QA - Northquest / Business","Fri Jun 27 18:47:44 GMT 2025","passed","Fri Jun 27 18:47:44 GMT 2025","Transfer","Transfer","",""
"","98","Accept Invite with expired jwt","QA - Northquest / Business","Fri Jun 27 18:47:40 GMT 2025","failed","Fri Jun 27 18:47:40 GMT 2025","Accept Invite","User Management","",""
"","91","List Biller Options-No auth","QA - Northquest / Business","Fri Jun 27 18:47:50 GMT 2025","failed","Fri Jun 27 18:47:50 GMT 2025","List Biller Options","Pay Bills","",""
"","97","Get Role - No auth","QA - Northquest / Business","Fri Jun 27 18:47:37 GMT 2025","failed","Fri Jun 27 18:47:37 GMT 2025","Roles > Get Role","Roles and Permissions","",""
"","103","Update Role-Empty fields","QA - Northquest / Business","Fri Jun 27 18:47:38 GMT 2025","failed","Fri Jun 27 18:47:38 GMT 2025","Roles > Update Role","Roles and Permissions","",""
"","101","Generate OTP","QA - Northquest / Business","Fri Jun 27 18:47:56 GMT 2025","passed","Fri Jun 27 18:47:56 GMT 2025","Generate OTP","User","",""
"","100","Update Account","QA - Northquest / Business","Fri Jun 27 18:47:36 GMT 2025","passed","Fri Jun 27 18:47:36 GMT 2025","Get Accounts","Profile","",""
"","101","Get Account Statement","QA - Northquest / Business","Fri Jun 27 18:47:44 GMT 2025","passed","Fri Jun 27 18:47:44 GMT 2025","","Wallets","",""
"","100","Update User Profile-Invalid id","QA - Northquest / Business","Fri Jun 27 18:47:41 GMT 2025","failed","Fri Jun 27 18:47:41 GMT 2025","Update User Profile","User Management","",""
"","100","List Biller Options-Education-Jamb","QA - Northquest / Business","Fri Jun 27 18:47:50 GMT 2025","failed","Fri Jun 27 18:47:50 GMT 2025","List Biller Options","Pay Bills","",""
"","107","Change Password - Invalid Current Password","QA - Northquest / Business","Fri Jun 27 18:47:35 GMT 2025","failed","Fri Jun 27 18:47:35 GMT 2025","Change Password/ Passcode","Profile","",""
"","103","Get Fees","QA - Northquest / Business","Fri Jun 27 18:47:46 GMT 2025","failed","Fri Jun 27 18:47:46 GMT 2025","","Get Fees","",""
"","92","List Bill Categories - No auth","QA - Northquest / Business","Fri Jun 27 18:47:48 GMT 2025","failed","Fri Jun 27 18:47:48 GMT 2025","List Bill categories","Pay Bills","",""
"","94","Make Bill Payment","QA - Northquest / Business","Fri Jun 27 18:47:51 GMT 2025","failed","Fri Jun 27 18:47:51 GMT 2025","Make Bill Payment > Make bill payment-Data > AIRTEL","Pay Bills","",""
"","100","List Locations - Cities","QA - Northquest / Business","Fri Jun 27 18:48:00 GMT 2025","failed","Fri Jun 27 18:48:01 GMT 2025","Locations","Settings","",""
"","104","Login - Empty Fields","QA - Northquest / Business","Fri Jun 27 18:47:30 GMT 2025","failed","Fri Jun 27 18:47:30 GMT 2025","Login","Onboarding","",""
"","164","Get Banks","QA - Northquest / Business","Fri Jun 27 18:47:45 GMT 2025","failed","Fri Jun 27 18:47:45 GMT 2025","Banks","Transfer","",""
"","105","Login After Accept Invite","QA - Northquest / Business","Fri Jun 27 18:47:40 GMT 2025","passed","Fri Jun 27 18:47:40 GMT 2025","Accept Invite","User Management","",""
"","101","List Biller Options-Invalid Biller Id","QA - Northquest / Business","Fri Jun 27 18:47:50 GMT 2025","failed","Fri Jun 27 18:47:50 GMT 2025","List Biller Options","Pay Bills","",""
"","98","Set Document","QA - Northquest / Business","Fri Jun 27 18:47:58 GMT 2025","passed","Fri Jun 27 18:47:58 GMT 2025","Set Document","Documents","",""
"","107","Create Role - Empty Fields","QA - Northquest / Business","Fri Jun 27 18:47:36 GMT 2025","failed","Fri Jun 27 18:47:36 GMT 2025","Roles > Create Role","Roles and Permissions","",""
"","90","Make bill payment-Empty fields","QA - Northquest / Business","Fri Jun 27 18:47:52 GMT 2025","failed","Fri Jun 27 18:47:52 GMT 2025","Make Bill Payment > Make bill payment-Cable TV > DSTV","Pay Bills","",""
"","102","List Tiers - Personal","QA - Northquest / Business","Fri Jun 27 18:47:58 GMT 2025","passed","Fri Jun 27 18:47:58 GMT 2025","Fetch Teirs","Tiers","",""
"","101","Verify TwoFA - Code > 6 Digits","QA - Northquest / Business","Fri Jun 27 18:47:57 GMT 2025","failed","Fri Jun 27 18:47:57 GMT 2025","Two-FA > Verify Two-FA","User","",""
"","100","Download Transaction Receipt","QA - Northquest / Business","Fri Jun 27 18:47:56 GMT 2025","passed","Fri Jun 27 18:47:56 GMT 2025","Download Receipt","Transactions","",""
"","101","Reset Password - Empty Fields","QA - Northquest / Business","Fri Jun 27 18:47:31 GMT 2025","passed","Fri Jun 27 18:47:31 GMT 2025","Reset password","Onboarding","",""
"","100","List Documents -No auth","QA - Northquest / Business","Fri Jun 27 18:47:58 GMT 2025","passed","Fri Jun 27 18:47:58 GMT 2025","List Documents","Documents","",""
"","104","Get Saving Product","QA - Northquest / Business","Fri Jun 27 18:47:59 GMT 2025","passed","Fri Jun 27 18:47:59 GMT 2025","Get Savings Product","Savings/Investments","",""
"","103","Create Wallet","QA - Northquest / Business","Fri Jun 27 18:47:43 GMT 2025","passed","Fri Jun 27 18:47:43 GMT 2025","Create wallet","Wallets","",""
"","99","Forgot Password - Non-existing User","QA - Northquest / Business","Fri Jun 27 18:47:31 GMT 2025","failed","Fri Jun 27 18:47:31 GMT 2025","Forgot password","Onboarding","",""
"","103","Invite User - Individual Profile","QA - Northquest / Business","Fri Jun 27 18:47:39 GMT 2025","failed","Fri Jun 27 18:47:39 GMT 2025","Invite User","User Management","",""
"","92","List Billers-education","QA - Northquest / Business","Fri Jun 27 18:47:49 GMT 2025","failed","Fri Jun 27 18:47:49 GMT 2025","List Billers","Pay Bills","",""
"","93","List Billers-Cabletv","QA - Northquest / Business","Fri Jun 27 18:47:48 GMT 2025","failed","Fri Jun 27 18:47:48 GMT 2025","List Billers","Pay Bills","",""
"","105","Automation Purposed - Delete User","QA - Northquest / Business","Fri Jun 27 18:47:40 GMT 2025","failed","Fri Jun 27 18:47:40 GMT 2025","Resend Invite","User Management","",""
"","98","List Accounts","QA - Northquest / Business","Fri Jun 27 18:47:35 GMT 2025","passed","Fri Jun 27 18:47:35 GMT 2025","Get Accounts","Profile","",""
"","99","Get Transfer Beneficiary","QA - Northquest / Business","Fri Jun 27 18:47:47 GMT 2025","passed","Fri Jun 27 18:47:47 GMT 2025","Transfer Beneficiaries > Get Beneficiary","Beneficiaries","",""
"","98","Get Referral Configuration","QA - Northquest / Business","Fri Jun 27 18:47:59 GMT 2025","passed","Fri Jun 27 18:47:59 GMT 2025","Get Referral Configuration","Referral","",""
"","100","Make Bill Payment","QA - Northquest / Business","Fri Jun 27 18:47:51 GMT 2025","failed","Fri Jun 27 18:47:51 GMT 2025","Make Bill Payment > Make bill payment-Airtime > SMILE","Pay Bills","",""
"","103","Get Document-No auth","QA - Northquest / Business","Fri Jun 27 18:47:58 GMT 2025","passed","Fri Jun 27 18:47:58 GMT 2025","Get Document","Documents","",""
"","109","Get Wallet - Invalid account Id","QA - Northquest / Business","Fri Jun 27 18:47:44 GMT 2025","failed","Fri Jun 27 18:47:44 GMT 2025","Get wallet","Wallets","",""
"","100","Bulk Transfer -  Empty Fields","QA - Northquest / Business","Fri Jun 27 18:47:45 GMT 2025","passed","Fri Jun 27 18:47:45 GMT 2025","Bulk transfer","Transfer","",""
"","102","Disable TwoFA - Valid","QA - Northquest / Business","Fri Jun 27 18:47:57 GMT 2025","passed","Fri Jun 27 18:47:57 GMT 2025","Two-FA > Disable Two-FA","User","",""
